id,title,duration,views,age,video_id
1,Grindr: Leveraging Dynamo and Aurora to Build an Enhanced Chat System,6:45,11 K visualizaciones,hace 1 año,6uEX5RKd0Bk
2,Peloton: Improved Customer Satisfaction and Engagement Powered by Real-Time Recommendations,5:57,"4,7 K visualizaciones",hace 1 año,ym_Gz_zH7w8
3,Vercara UltraDNS Analytics & Operations: Petabyte-Scale Data on Amazon S3 and Amazon Athena,6:05,"2,8 K visualizaciones",hace 1 año,W4QzOaKCX2Y
4,Xylem: Serverless Event-Driven IOT Data Collection,4:42,"2,5 K visualizaciones",hace 1 año,UpVF8jMB4yY
5,"Swyftx: Building Automated, Secure, and Attestable Pipelines from Engineers to Production",4:28,"2,6 K visualizaciones",hace 1 año,npQWtmnuM6s
6,Prudential Financial: Delivering Data Velocity at Scale with AWS Glue and AWS Step Functions,6:25,"2,8 K visualizaciones",hace 1 año,VuoMhsYON1E
7,Innovative Tailwinds by Innovative Solutions: Redefining GenAI with AWS SAM & Bedrock,5:49,"2,5 K visualizaciones",hace 1 año,S3G4pb-x8tQ
8,Slalom: Accelerating Social Impact with GenAI on AWS,7:23,"2,2 K visualizaciones",hace 1 año,ulTevtklPHI
9,Infinitium: Low Latency Fraud Detection System with Amazon Neptune Graph Database,5:27,"2,7 K visualizaciones",hace 1 año,_cca2eNePC4
10,First Orion: Improved Operational Efficiency with Response Times Leveraging Amazon Q,5:42,"1,9 K visualizaciones",hace 1 año,cczJb4heExQ
11,Granicus: Transforming How People Experience Government with Amazon Bedrock and AWS Step Functions,6:14,"2,8 K visualizaciones",hace 1 año,sZ71VEVb9RU
12,Health eCareers: Using Generative AI to reinvent the Job Search Experience,6:11,"5,8 K visualizaciones",hace 1 año,7KqYdneuJjo
13,Experian: Scalable and Flexible Machine Learning Batch Transformation,6:18,"2,5 K visualizaciones",hace 2 años,OTPyxlTjWp0
14,Experian: Self-Service MLOps Platform for Financial Services Customers,6:08,"2,2 K visualizaciones",hace 2 años,-yCol_7qH2U
15,Glidewell Dental: Precision Manufacturing in Dental Restorations using a Tailored Scalable Solution,6:05,2 K visualizaciones,hace 2 años,5RsZJ-1_sn4
16,AssemblyAI: Building a Scalable Machine Learning Platform for Voice Data Transcription and Analysis,6:22,"2,5 K visualizaciones",hace 2 años,vQgUkn3rAMY
17,Age of Learning: Highly Scalable Continuous Integration Platform with Amazon EKS and Amazon EC2-Spot,4:59,2 K visualizaciones,hace 2 años,t8JCvcnFX10
18,"Aqua Security: Enabling Real Time Blocking, Scalability, and High Availability in Containers",5:07,"2,6 K visualizaciones",hace 2 años,s4eerNhXf84
19,Mission Cloud: Building a Generative AI Content Translation Pipeline Using Amazon Bedrock,5:19,2 K visualizaciones,hace 2 años,UPV6ggX4eSE
20,Avnet: Accelerating OEM's with IoT and AI,6:01,"2,2 K visualizaciones",hace 2 años,6E_Dg3YRil4
21,CCC Intelligent Solutions: Orchestrating Complex AI Solutions,6:13,3 K visualizaciones,hace 2 años,XCnul-AjrNU
22,Auction.com: Empower Business Users to Securely Retrieve Near Real Time Data,4:21,"1,2 K visualizaciones",hace 2 años,irpARK1Tdo4
23,Drop Wireless: Leveraging AWS IoT Core for LoRaWAN in Indoor Location Positioning,6:10,"1,7 K visualizaciones",hace 2 años,QhdFIHbB7T4
24,Hyphen: Seamless Data Sharing to Pharmacies Improves Patient Care,7:09,2 K visualizaciones,hace 2 años,K7Id6cnwfD4
25,"Aldebaran: Using IoT Services to Connect, Manage and Deploy Robots from the Cloud",5:50,"1,1 K visualizaciones",hace 2 años,OYHSkwt31Vc
26,"Verana Health: Democratizing Ophthalmology, Neurology, and Urology Clinical Data for Life Sciences",6:22,"1,8 K visualizaciones",hace 2 años,o7sKra5MeZE
27,T-Mobile: Building a Resilient and Horizontally Scalable Commerce Platform with Kinesis and DynamoDB,6:23,"2,6 K visualizaciones",hace 2 años,V6rYfjJG3BE
28,Monzo Bank: Cloud-Native Core Banking Platform built on Amazon EKS and Amazon Keyspaces,5:58,"4,7 K visualizaciones",hace 2 años,O3s3MWD-UUA
29,Cisco: Gen-AI Architecture that Scales for Webex Application Developers,5:41,"2,6 K visualizaciones",hace 2 años,WojdRyYDvDM
30,Converge by Deloitte for Banking: Secure and Compliant Solutions Using Amazon Cognito and Amazon MSK,5:16,"2,4 K visualizaciones",hace 2 años,lZoIkA_gf2w
31,CloudHesive: Improved Omnichannel Experience for Amazon Connect through ConnectPath,6:26,"1,6 K visualizaciones",hace 2 años,weT3nKnOFDg
32,Grab: Protecting Digital Platforms From Fraud with GrabDefence,5:43,2 K visualizaciones,hace 2 años,ebngmAqbe-k
33,Amplify Health: Fraud-Waste-Abuse Detection SaaS for Medical Claims on Serverless Technologies,5:52,"2,5 K visualizaciones",hace 2 años,q7nwPQ7XLJI
34,DXC: Claims Automation Using Amazon Textract and Amazon Comprehend,4:08,"2,8 K visualizaciones",hace 2 años,LD5ksgnu8r8
35,This is My Architecture: Analytics Customer Spotlight (Special),8:43,"2,4 K visualizaciones",hace 2 años,N0NBhnxez00
36,CMD by Mantel Group: Ensuring Safe Vessel Transit at Sea Ports with Data,3:48,"1,7 K visualizaciones",hace 2 años,gcgtLDB0cKA
37,Salesflo: Transforming Field-Force Operations Using Event-Driven Architecture,5:50,"3,1 K visualizaciones",hace 2 años,qi017F1UwvM
38,This is My Architecture: Compute Customer Spotlight (Special),7:33,"2,8 K visualizaciones",hace 2 años,7kt1r_77hHA
39,DBS Bank: Architecting Quant Pricing Engine for Performance with Amazon ElastiCache,5:09,"2,4 K visualizaciones",hace 2 años,bqZWYmRAka0
40,Noventiq: Harnessing Search and Analytics with Event-Driven Architecture on Amazon OpenSearch,4:54,"2,8 K visualizaciones",hace 2 años,JYeXbUdFOdw
41,This is My Architecture: Analytics Customer Spotlight (Special),7:57,2 K visualizaciones,hace 2 años,N0NBhnxez00
42,This is My Architecture: Security Customer Spotlight (Special),10:41,"2,1 K visualizaciones",hace 2 años,9JwZKseE9lc
43,Oportun: Increasing the Accuracy of Sensitive-Data Discovery Using Amazon Macie,4:53,"1,9 K visualizaciones",hace 2 años,-kA0ahrhX3I
44,Turnitin: How High Availability SageMaker Endpoints Detect AI Writing and Uphold Academic Integrity,5:42,"3,4 K visualizaciones",hace 2 años,iI0OQtXnWrs
45,This is My Architecture: Serverless Customer Spotlight (Special),8:37,"4,5 K visualizaciones",hace 2 años,m4HbkhRw4UE
46,This is My Architecture: Machine Learning Customer Spotlight (Special),8:02,"2,7 K visualizaciones",hace 2 años,e2rsdN8Y7jI
47,Benevity: Centralized Logging for Multiple Compute Classes Using OpenSearch,3:24,"3,6 K visualizaciones",hace 2 años,pk5yddJpC_8
48,3M: Parallel Serverless Workflows for Materials Science,4:38,"2,6 K visualizaciones",hace 2 años,rPGLNw1cOGM
49,"The New York Times: Giving Developers the Freedom to Deploy, While Governing Cloud Services at Scale",3:58,"3,7 K visualizaciones",hace 2 años,jBffL9zUCSE
50,United Airlines: How to Use AWS Backup to Protect Data from Ransomware Events,5:29,"5,7 K visualizaciones",hace 2 años,bikXzsVihF4
51,Ticketmaster: Active-Active Multi-Region Checkout for Ticket Purchases,4:28,"5,1 K visualizaciones",hace 2 años,6iK4WNj6QqI
52,Anchor Operating System: Building a Serverless Guest Sightseeing Journey Seamlessly,5:34,"3,6 K visualizaciones",hace 2 años,c-1GXhOOOww
53,San Diego Gas & Electric: Using Image Recognition and Machine Learning to Reduce Wildfire Risk,4:00,"4,4 K visualizaciones",hace 2 años,S85DeDgWQSc
54,Replicon: Multi-Tenant SaaS Solution with Bring Your Own Key (BYOK) Encryption for Enterprises,4:05,"4,6 K visualizaciones",hace 2 años,8ZRWzn0G39g
55,"Main Street America Insurance: The Independent Agent Portal, Breaking up the Monolith",4:22,"3,1 K visualizaciones",hace 2 años,wjtSHyENv0I
56,GumGum Verity™: Low Latency Contextual Analysis and Data Privacy at Scale on AWS Outposts,6:01,3 K visualizaciones,hace 2 años,
57,Instructure: Elevating Digital Education to the Next-Level Event Driven CI/CD Deployments Globally,2:56,"2,5 K visualizaciones",hace 2 años,fppIOuRMI2g
58,Inawisdom: How Insurance Companies are Using IDP to Optimize Document Processing,4:53,"3,5 K visualizaciones",hace 3 años,yXpd8gPfows
59,Mediaset: Achieving an Omni-Channel Broadcasting Voting System Near Realtime at Scale,5:48,"2,6 K visualizaciones",hace 3 años,QnwfcDZkwh8
60,Raiffeisen Bank International: Automated Integration of On-Premises Key Management with AWS KMS,4:56,"3,3 K visualizaciones",hace 3 años,H_S7CxtHgSM
61,Summit Technology Group: Building a Data Consumption Model for Multi-Tenant Applications,2:56,"3,3 K visualizaciones",hace 3 años,-ahWdCysMYw
62,globaldatanet: Using AI to Build a Multi-Tenant SaaS Construction Site Monitoring Solution,3:55,"3,9 K visualizaciones",hace 3 años,aY-wF9g0qkM
63,HeyJobs: Moving to a Serverless Data Platform to Process and Enrich Over 3 Million Records a Day,5:56,"3,8 K visualizaciones",hace 3 años,O11BgSm7V14
64,The Orchard: How the 'Kafka Data Highway' Boosts Developer Productivity & Enables Business Processes,7:10,"3,5 K visualizaciones",hace 3 años,ItpY_KKR94k
65,Nanit: How Nanit Streams and Analyzes Video from Hundreds of Thousands of Cameras,4:30,"3,1 K visualizaciones",hace 3 años,hnMQFnTGr3I
66,Pirelli: Building a Data Platform at Scale,5:04,8 K visualizaciones,hace 3 años,cmYI6axlicc
67,Syntax: Extract and Leverage SAP Data with AWS Services,7:26,"2,9 K visualizaciones",hace 3 años,YV8e36ZywLk
68,Treasury Intelligence Solutions: Managing Data Growth & Scalability with a Secure Data Lake,6:33,"2,6 K visualizaciones",hace 3 años,ec6j-MaOSUc
69,KAMAX: Towards the Digital Factory: How KAMAX Improved Shop Floor Throughput and Efficiency,6:48,2 K visualizaciones,hace 3 años,fbzeoxxyzIw
70,Contino: Measuring and Communicating The Business Impact of Landing Zones with Flight Controller,5:29,"2,4 K visualizaciones",hace 3 años,unFVfqj9cQ8
71,Docebo: How to Create Compelling e-Learning Videos from Documents via AI/ML Services,5:29,"5,9 K visualizaciones",hace 3 años,37T7Nd8pL-c
72,Vitesco Technologies “Cloud Foundation”: A Scalable and Automated Cloud Landing Zone,6:06,"2,8 K visualizaciones",hace 3 años,9-a9Y5THTYo
73,BASF Digital Farming: Productionizing ML with a Cross-Account Model Deployment Solution,5:38,"2,5 K visualizaciones",hace 3 años,DAJZAygxDZA
74,EMnify: Building a Cloud Native Mobile Network for IoT Leveraging AWS's Global Infrastructure,6:18,3 K visualizaciones,hace 3 años,SC6n6J8Bi58
75,"Launchmetrics: How Launchmetrics Produces Fashion, Luxury, and Beauty Data Insights for 1B Users",7:18,"2,8 K visualizaciones",hace 3 años,PBa68gCG0Uk
76,Define Media: How Define Media Places Ads with Low Latency Using Sophisticated Machine Learning,3:37,"2,8 K visualizaciones",hace 3 años,QJZHs1CSxu0
77,TCS: GeoSpatial Data Analysis Using TCS Digital Platform for Next-Gen Agriculture (DNA),5:49,"4,3 K visualizaciones",hace 3 años,Dxq_U1TNx1s
78,HDI Group: Automated Security and Compliance Issue Remediation Using Cloud Native Services,5:46,"2,6 K visualizaciones",hace 3 años,XmIhHtPJWog
79,ZS Associates: Building a Self-Service Enterprise Data Engineering Platform,8:12,"5,3 K visualizaciones",hace 3 años,JG5p-i8Cr2E
80,"MindTickle: Building a Secure, Automated, Multi-Region Architecture on AWS",6:37,5 K visualizaciones,hace 3 años,PgeQufaQy7I
81,FINBOURNE: How Finbourne Assures Resiliency Through Chaos Engineering Events Every 17 min,4:37,"2,7 K visualizaciones",hace 3 años,lkDq9g43djw
82,MX Player: Achieving Massive Scalability Using Amazon EKS with Spot Instances,5:42,"5,1 K visualizaciones",hace 3 años,NfUwtK8ALtw
83,Volkswagen Financial Services: Scaling Their Managed Platform Services by 600%,6:28,"5,3 K visualizaciones",hace 3 años,r3g1Nym-ebY
84,BookMyShow: How BMS Scaled Data Analytics to Handle 28M Ticket Sales with Modern Data Architecture,5:06,"5,6 K visualizaciones",hace 3 años,RU__HBEMDvQ
85,Spryker Application Composition Platform: Bridging the Gap Between SaaS and PaaS,6:33,"2,9 K visualizaciones",hace 3 años,DBmmQDlIXWM
86,"MyHeritage: Handling the Deep Nostalgia Virality, Scaling GPU Spot Instances Using Multi-Region",6:59,"2,5 K visualizaciones",hace 3 años,0-db3wFRfSc
87,"FPL Technologies: Building On-Demand, Secure, and Scalable Serverless ML Workbenches",5:54,"3,3 K visualizaciones",hace 3 años,gu54VVeDD10
88,WEGoT aqua: Scaling IoT Platform for Water Management & Sustainability,6:57,"4,1 K visualizaciones",hace 3 años,CE03UMddoYU
89,ContactSuite: Automated Omni-Channel Service Desk Workflow,5:13,"1,9 K visualizaciones",hace 3 años,BPvr0qWpJlA
90,TallyPrime on AWS : Providing Virtual Office to End Users Using NICE DCV,7:19,"5,5 K visualizaciones",hace 3 años,zQp8fwTBmNU
91,FoodHub: Enabling Massive Scale Order Processing with Serverless Architecture,7:52,11 K visualizaciones,hace 3 años,gpWR5JBC64A
92,Spyne.AI: High-Quality Product Visuals at Scale with AI on AWS,5:29,"3,4 K visualizaciones",hace 3 años,0wnNlOg42dc
93,Lyniate: Scaling Healthcare Data Exchange At Scale with Tenant Isolation,5:56,3 K visualizaciones,hace 3 años,9-6hQdFeolc
94,OLX Autos: Building Developer Platform for Rapid Global Expansion,6:05,"4,8 K visualizaciones",hace 3 años,1aYoIZvabbk
95,MATTR: Building Digital Trust at Scale,4:26,"2,5 K visualizaciones",hace 3 años,1xLjtJnfZes
96,Panasonic Avionics: Weather Data and ML Models Improve In-Flight Entertainment Customer Satisfaction,3:07,"3,5 K visualizaciones",hace 3 años,Pc7_uOdlGKo
97,Lancom Technology: Building a Scalable Video Conferencing Application,5:45,"4,9 K visualizaciones",hace 3 años,qIO_54vJ_JI
98,"Spark IoT: A Managed Private IoT Network to Transform the Way We Work, Play and Live for The Better",4:30,"4,1 K visualizaciones",hace 3 años,L8a6qI14MwA
99,Vodafone NZ: Data Driven Omni Channel Contact Center via Automation and Continuous Improvement,5:38,"4,6 K visualizaciones",hace 3 años,OQKOHNtyz3E
100,Xero: Building a Scalable Self-Service Portal for Thousands of Developers Provisioning Resources,3:19,"4,3 K visualizaciones",hace 3 años,Felt-hOU6kU
101,PredictHQ: Global Demand Intelligence for Data at Hyperscale,5:05,"3,7 K visualizaciones",hace 3 años,X3mC6Yfd138
102,Leaven: Machine Learning at Massive Scale to Protect Human Life,6:48,"3,2 K visualizaciones",hace 3 años,cZuoiXQ0xUk
103,Freightways: Delivering 50M packages with Serverless Tracking Solution,4:11,"6,5 K visualizaciones",hace 3 años,E8wYXtvGy5k
104,Halter: Building the Future of Farming with IoT Enabled Livestock and Pasture Management,4:55,5 K visualizaciones,hace 3 años,j-lPgPGBTwQ
105,Consegna: Digital Human Interactions via AI/ML Services,5:07,2 K visualizaciones,hace 3 años,aovXn5QDEzU
106,Pinterest: Scalable Access Control with STS Token Vending,7:25,"4,4 K visualizaciones",hace 3 años,i10a06IU4WQ
107,Orion Health: Digital Front Door - Intelligently Connecting Consumers to their Healthcare,4:02,"4,2 K visualizaciones",hace 3 años,vr00Jg_G6qs
108,3M: Building an HPC Modeling Platform to Simplify AWS Usage for Scientists and Engineers,4:45,"5,5 K visualizaciones",hace 3 años,CTG23wd9H74
109,Snap: Journey of a Snap on Snapchat Using AWS,5:12,150 K visualizaciones,hace 3 años,Cgv0kfp_6xQ
110,Mobileye: How to Process Data from 70 Million Cars Driving Around the World,7:46,13 K visualizaciones,hace 3 años,5hjkSczrke4
111,Traeger Provisions: Personalizing Customer Support Experiences on AWS,4:17,"4,1 K visualizaciones",hace 3 años,hlVnmCfydIs
112,Quantis: Productivity and Agility Thanks to Managed Services (French),4:58,"1,2 K visualizaciones",hace 3 años,k8nhRJTQ15I
113,PureWeb: Building a Global 3D Streaming Platform For Limitless Experiences,7:42,"2,7 K visualizaciones",hace 3 años,hrhBOOrR5v0
114,"Rappi: Leveraging EKS, DocumentDB, RDS and ElastiCache to Quickly Scale Kubernetes Clusters",5:08,"7,4 K visualizaciones",hace 3 años,i4ueYgjVDCw
115,ResMed: Improving Patient Outcomes with Serverless at Scale,5:30,"5,5 K visualizaciones",hace 3 años,kszaIJEnKPk
116,Vertex Pharmaceuticals: A Serverless Platform for Small Molecule Search,5:08,"3,5 K visualizaciones",hace 3 años,nflGdpwbf54
117,ADP: Unmatched People Data for Extraordinary Outcomes,6:06,"2,4 K visualizaciones",hace 3 años,KiH7hVJKzns
118,Hudl: Ingesting and Transcoding Video Data Using AWS,4:47,"2,9 K visualizaciones",hace 3 años,KgRib8AM0fs
119,RSI: Affordably Modernizing Audio and Video Content Management (Italian),6:34,"1,2 K visualizaciones",hace 3 años,c6yBZBMwtLk
120,GoDaddy: Empowering Agility with Zero-Trust Environment Best Practices,5:15,"4,5 K visualizaciones",hace 3 años,BgT_bDAejSQ
121,Aramex: Leveraging AI/ML to Enhance Customer Experience,6:03,"2,9 K visualizaciones",hace 3 años,JVcKidzqpYY
122,Riot Games: A New Data Ingest Pipeline for League of Legends using MSK,6:23,"9,1 K visualizaciones",hace 3 años,iwZLadQ3XpY
123,"Eurovision Services: From the Stadium to the Cloud, Redundant Live Video Flows in the AWS Cloud",4:18,"2,5 K visualizaciones",hace 3 años,eFQNwelGLhA
124,Blackboard/Anthology: Building and Governing an AWS Environment with 120+ Accounts,4:50,"3,5 K visualizaciones",hace 3 años,jzKCg9Z5_8Q
125,Careem: Identity Based Fraud Detection Using Neptune and Neptune ML,7:39,"5,3 K visualizaciones",hace 3 años,acm-HWJhEOA
126,"Nexthink: Going Global with Amazon API Gateway, AWS Transit Gateway, AWS Lambda, and Amazon DynamoDB",4:16,"4,2 K visualizaciones",hace 4 años,unF9tdYjqvU
127,Carbon by Indigo: Carbon Credits for Regenerative Agriculture,6:06,"2,5 K visualizaciones",hace 4 años,FfSNnH2bbNc
128,Swimming Australia: Going for Gold at the Olympics with Machine Learning (Special),17:04,7 K visualizaciones,hace 4 años,1VcpCVe3tLQ
129,TrueBlue: Scaling Job Matching with a Serverless Delta Lake,4:39,"2,9 K visualizaciones",hace 4 años,iKYvG5aiIn8
130,OutSystems: Decomposing a Data Monolith for Scale and Multi-Tenancy,6:20,"5,2 K visualizaciones",hace 4 años,1kWxymroGeE
131,Novartis - Buying Engine: AI-powered Procurement Portal,4:39,"4,2 K visualizaciones",hace 4 años,vp8oPiHN4cA
132,SonarSource: Automatic Code Analysis in the Cloud with AWS,5:24,"3,4 K visualizaciones",hace 4 años,u3ZwnulzLnU
133,GSR: A Crypto Market Maker and Ecosystem Partner,5:13,"3,6 K visualizaciones",hace 4 años,U1P8vZTEB-k
134,Pictet: AWS Account Governance (French),5:47,"2,1 K visualizaciones",hace 4 años,H0uHctrx82Q
135,Fresenius Medical Care: Enabling Patient Care Solutions with Near Real-Time Data-Driven Insights,4:53,"6,4 K visualizaciones",hace 4 años,wtl7CrSQnHA
136,Zixi: Managing In-Field Media Encoders with the Zen Master Control Plane,4:32,2 K visualizaciones,hace 4 años,ODRfIikoU9s
137,copebit: Helping ELPRO Build a Serverless SaaS Solution for Environmental Monitoring,6:31,"1,7 K visualizaciones",hace 4 años,TBKmeolOdSw
138,Coople: Serverless CQRS and Event Sourcing,4:49,"8,7 K visualizaciones",hace 4 años,WtCfHP6rUAY
139,Neumora Therapeutics: Enabling DNA and RNA Data Insight for Rapid Genomics Sequencing Drug Discovery,4:52,"1,9 K visualizaciones",hace 4 años,53sUjFv9ByI
140,Roche: Enabling Enterprise-Wide Analytics and ML with Automated Compliance,5:26,"2,6 K visualizaciones",hace 4 años,oTtPNgcZ05I
141,1plusX: A Real-Time Data Management Platform on AWS,7:18,"2,3 K visualizaciones",hace 4 años,XqsgQxyZ2Tw
142,NAGRA: NexGuard Watermarking for Securing Streaming Content Using AWS,7:11,"3,3 K visualizaciones",hace 4 años,ZPsBzAwJzoI
143,SBB Cargo: Data Collection and Processing with Serverless Analytics Services,6:36,2 K visualizaciones,hace 4 años,4-teOQ_dJvY
144,Hexagon HxDR: Cloud-Based Visualization of Spatial Data,5:10,"1,5 K visualizaciones",hace 4 años,3yJZ6rPoZfg
145,Northwestern Mutual: Reducing CI/CD Cycle Time with Automation Using AWS CDK Serverless Architecture,4:15,"3,5 K visualizaciones",hace 4 años,SpIlpGxuwFM
146,Neumora Therapeutics: Advanced MRI Precision Medicine and Brain Data Analysis Visualization at Scale,5:16,"2,8 K visualizaciones",hace 4 años,EiljRL0977M
147,Toyota Motor NA: Lake House Architecture for Data and Analytics,5:02,"7,1 K visualizaciones",hace 4 años,Kp51k6LY-2c
148,Enimbos: Creating a Saving Costs Management Platform using Serverless Compute Engine on AWS (Span.),5:33,"2,4 K visualizaciones",hace 4 años,DkPPwq517aE
149,TownSq: Providing Performance Insights to Community Managers,5:22,"1,8 K visualizaciones",hace 4 años,E8BGpIxzYc4
150,Homegate AG: A Serverless Real Estate Platform,5:58,"2,7 K visualizaciones",hace 4 años,eEfWd4EgH_s
151,Marathon Oil: Automating Drone Image Processing to Monitor Equipment Health,3:50,"3,6 K visualizaciones",hace 4 años,ww5fiygF6eg
152,Aventri: SaaS Solution for Event Management,6:10,"2,7 K visualizaciones",hace 4 años,pZ7Lr94noLo
153,Swiss Post Ltd: Security and Compliance of AWS Accounts at Scale (German),6:04,"1,6 K visualizaciones",hace 4 años,a1sEfGVDpEQ
154,Airbnb: Securing Multi-Tenant Kubernetes Clusters at Scale,5:12,21 K visualizaciones,hace 4 años,WS2Qgx0qgCM
155,amazee.io: Kubernetes Deployments Made Easy,6:24,"3,4 K visualizaciones",hace 4 años,90rWUjKjnAE
156,Clumio: Enterprise Backup as a Service with an Always-On Security Model,5:25,"2,8 K visualizaciones",hace 4 años,Ozbv9qBsDG8
157,Datacoral: Using Serverless to Create Data Pipelines,4:26,"9,5 K visualizaciones",hace 4 años,JiWHomdh1oI
158,Appway: Securing Sensitive Banking Workflows with Isolated Architecture on AWS,6:33,"6,3 K visualizaciones",hace 4 años,2f_NYiPJQt4
159,"Flutura: Digital Twin - Shaping Operations for Maximizing Yield, Reliability and Net-Zero Goals",5:16,"3,1 K visualizaciones",hace 4 años,q_5U7z_vNug
160,Avaloq: Automating the Provisioning of a Bank-in-a-Box in Minutes Using Amazon EKS,6:04,"6,5 K visualizaciones",hace 4 años,XG6mHvi4eNU
161,DISH Network: Building a Self-Service Portal to Create Multiple Accounts at Scale,3:11,"4,9 K visualizaciones",hace 4 años,62E9ggjGS8I
162,Simpego: Swiss InsurTech Running All Core Business Processes on AWS (German),5:13,"2,2 K visualizaciones",hace 4 años,fTxvwVj02P0
163,Aizon: Seamlessly Integrating Data to Deliver Actionable Insights in Highly Regulated Industries,5:19,"1,9 K visualizaciones",hace 4 años,uhrheMJTV4A
164,Cabify: Building a Massively Scalable Ride-Sharing Mobile App with Containers (Spanish),5:19,"3,2 K visualizaciones",hace 4 años,x76BIV88j_M
165,Majid Al Futtaim: Building a Custom Data Management Solution on AWS,6:16,"8,3 K visualizaciones",hace 4 años,9qTEHITVeLE
166,Smadex: Serving Billions of Ads with Amazon ElastiCache for Redis (Spanish),5:38,"3,9 K visualizaciones",hace 4 años,l0mvXogANE4
167,Seera Group: Transforming Online Travel Booking with Microservices (Arabic),6:24,"3,2 K visualizaciones",hace 4 años,7wBOFcP1HwA
168,HBO Max: Automating Remediation of AWS Resource Misconfigurations,5:13,"6,2 K visualizaciones",hace 4 años,uOSpWdAyrZo
169,Telefónica Tech AI of Things: Providing Data Insights and ML to Organizations with AI Suite (Span.),5:38,"1,7 K visualizaciones",hace 4 años,Ujs9o3CXUTU
170,Snyk: CICD Pipelines and Security Controls for Application Developers,5:48,"7,3 K visualizaciones",hace 4 años,iWK0iRUi-b4
171,Ounass: Building a Scalable Recommender Architecture Powered by the Word2vec Algorithm (Arabic),7:36,"2,3 K visualizaciones",hace 4 años,c8615P0yfi8
172,Discover Financial Services: Enabling a PCI Compliant Data Science Platform,4:14,"4,9 K visualizaciones",hace 4 años,aQFztbu0BG0
173,HBO Max: Using Canaries for Outside-in Validation,4:35,"3,4 K visualizaciones",hace 4 años,D9qTotVJYss
174,Property Finder: Running Production Workloads with Amazon EKS on 100% Amazon EC2 Spot Instances,3:49,"6,4 K visualizaciones",hace 4 años,cnZeOytEkIM
175,Insider: How We Ingest Billions of Data Points Daily to Power our Real-Time Products,6:30,"4,8 K visualizaciones",hace 4 años,rHLuQTO6eoo
176,Adikteev: ROI Analysis of Advertising Campaigns From Data Ingestion to Prediction Dashboards,4:03,3 K visualizaciones,hace 4 años,az-C2c33trQ
177,Lean Grids Services: Adaptable Data Platform Based on a Serverless Architecture (Spanish),5:45,"2,4 K visualizaciones",hace 4 años,J4vHfpL66Zk
178,Emirates Mars Mission: Hope Probe (Special),19:48,652 K visualizaciones,hace 4 años,n351j86kyUo
179,Alef Education: Building an Adaptive Learning System for K12 Students using AWS,6:19,"6,3 K visualizaciones",hace 4 años,Dp3YAxFp-YM
180,Seera Group: Transforming Online Travel Booking with Microservices,6:30,"7,7 K visualizaciones",hace 4 años,7wBOFcP1HwA
181,Western Union: Using Service Catalog to Share Applications,4:58,"4,1 K visualizaciones",hace 4 años,uBiaWJbTRsE
182,JFrog: Distribute Software Artifacts securely using SaaS Solutions,5:05,"4,2 K visualizaciones",hace 4 años,nvhG60gFbso
183,Talabat: Applying the Right Strategies for a Successful Migration,5:07,"4,1 K visualizaciones",hace 4 años,JSBB-BCvavQ
184,CEPSA: Finding the Best Internal Talent Using Amazon Neptune (Spanish),4:35,"2,8 K visualizaciones",hace 4 años,FftalZUxyiM
185,Ounass: Building a Scalable Recommender Architecture Powered by the Word2vec Algorithm,6:17,"2,8 K visualizaciones",hace 4 años,asZIXK7V-U4
186,Social Quantum: Using Serverless in Gaming,6:36,"2,8 K visualizaciones",hace 4 años,fSV0u48sEVg
187,Telecoming: How To Save Up to 70% Using Fargate Spot on a Test Automation Platform (Spanish),5:07,"2,9 K visualizaciones",hace 4 años,OrC9cLYMbas
188,Linke - a Syntax Company: Building a Business Continuity Framework for SAP (Spanish),4:33,"2,4 K visualizaciones",hace 4 años,CsD5bmM6mpY
189,Mytona: How a ML Recommendation System was Built for Gaming,4:40,"4,5 K visualizaciones",hace 4 años,XUCGMzLx8wY
190,Astana International Exchange: Running a Stock Exchange in the Cloud,5:15,5 K visualizaciones,hace 4 años,IP03SkGbP-U
191,Keen Eye: Building Deep Learning Models for Digital Pathology Image Analysis,4:13,"4,4 K visualizaciones",hace 4 años,2XVgpMwY5iE
192,T-Mobile: Standardized Container-Based Architecture That can be Automatically Deployed Anywhere,9:32,"4,5 K visualizaciones",hace 4 años,1ZLiRT0C2Yo
193,Veritas: Architecting a Global File System with AWS Storage and InfoScale,6:23,"3,4 K visualizaciones",hace 4 años,QuyZHin9B70
194,Zillow: Building Speech Analytics Using AWS AI Services,5:58,"7,1 K visualizaciones",hace 4 años,twsGnp2X-aQ
195,AWS Solutions: Simple and Secure Media Exchange on AWS,5:52,"7,1 K visualizaciones",hace 4 años,Ly_UhX3LCCs
196,CloudHealth by VMware: Secure State. Manages Over 50M Assets from Billions of Events on AWS,5:30,6 K visualizaciones,hace 4 años,6EUknQqaV1w
197,7-Eleven: Innovation with Serverless for Cash-Based Digital Wallet,5:25,13 K visualizaciones,hace 4 años,HcmEFZukA-Y
198,Zillow: Near Real-Time Natural Language Processing (NLP) for Customer Interactions,4:53,"8,4 K visualizaciones",hace 4 años,w-qGSyzDL6g
199,ACV Auctions: Learn How ACV Scales to Serve Hundreds of Millions of Auction Requests Per Month,5:08,"3,5 K visualizaciones",hace 4 años,tBavPTWewvI
200,"Equifax: Achieving Cost Savings and Reliability with EKS, Graviton2, and Aurora Global",6:53,"4,2 K visualizaciones",hace 4 años,cRxvZBIa-gI
201,Taco Bell: Order Middleware - Enabling Delivery Orders at Massive Scale,8:43,60 K visualizaciones,hace 4 años,sezX7CSbXTg
202,SGX: Building & Securing a One Stop App for Retail Investors on AWS,6:05,"5,6 K visualizaciones",hace 4 años,WYK-smWKywA
203,"Cohesity: Helios! Learn How to Back-up, Scale, Secure and Simplify Your Workloads on AWS",4:57,"4,4 K visualizaciones",hace 4 años,E68ufJOduio
204,"Ookla: Speedtest Intelligence Process 4,000 Reports/Second While Providing Near Real-time Insights",4:31,10 K visualizaciones,hace 4 años,kHPGZOpbnok
205,ēdn: Reinventing Indoor Gardening with Interactive Workflows Using AWS IoT Core and Amazon Pinpoint,7:39,"4,3 K visualizaciones",hace 4 años,bQqJpjv-FXs
206,Salesforce: Automating SaaS Application Connectivity,5:08,"8,7 K visualizaciones",hace 4 años,Cw26CrJUqv8
207,"NGINX: Deploy and Scale Applications with Ease Using AWS EKS, ECS and the NGINX Ingress Controller",4:31,12 K visualizaciones,hace 4 años,6sY0AunanlM
208,Imperva: Building Real-Time Streaming Data Pipelines Using Amazon MSK,6:03,14 K visualizaciones,hace 4 años,ccPhkyPm_3w
209,Nasuni: Building a Global File Lock Service on AWS,6:03,"6,4 K visualizaciones",hace 4 años,_vjB_vF4Uec
210,Singtel: Next-Generation Mobile Financial Services Platform on AWS and Amazon Aurora PostgreSQL,4:44,"3,3 K visualizaciones",hace 4 años,LYP98nPBj2A
211,Taco Bell: Aurora as The Heart of the Menu Middleware and Data Integration Platform for Taco Bell,7:33,14 K visualizaciones,hace 4 años,hf9nMAG9XoU
212,Spot.io: Optimizing Cloud Infrastructure Through Secure Cost Aware Automation,4:04,"5,8 K visualizaciones",hace 4 años,A4Lfk1Zz1dE
213,Zulily: A Compelling Suggestive Search Experience Using Amazon DocumentDB with MongoDB Compatibility,5:02,"3,2 K visualizaciones",hace 5 años,Ccutfm_Srzw
214,Accellion kiteworks: Cost-Effective CI/CD Platform Using Amazon EC2 Spot,3:56,3 K visualizaciones,hace 5 años,FqCs3BD6qvo
215,30MHz: Building A Smart Agriculture Solution For Indoor Farms And Greenhouses On AWS,9:19,156 K visualizaciones,hace 5 años,sngtHh1iVaY
216,AxiomSL's RegCloud®️: Secure & Scalable Risk & Regulatory Reporting on AWS,5:43,"7,4 K visualizaciones",hace 5 años,8TExnSvZqt0
217,Mobilewalla: S3 Access Monitoring Using ML,5:30,"2,5 K visualizaciones",hace 5 años,8s0wGRkiDrw
218,"Zigbang: A Hybrid API of Serverless and ECS, Infra as a Code via CDK",5:28,"5,3 K visualizaciones",hace 5 años,0F7KDLz-kIQ
219,Accenture: Natural Language Processing and Graph Databases for the Oil and Gas Industry,6:24,"4,9 K visualizaciones",hace 5 años,ekXdohpAy5U
220,Buzzvil: Segment Processing and Provision for Ad Recommendation (Korean),6:05,"1,8 K visualizaciones",hace 5 años,hFx0EF9KEZU
221,Autodesk Data Platform: Product Usage Real-Time Analytics Using an Event Driven Architecture,5:23,"7,6 K visualizaciones",hace 5 años,ZNt9qI_LlPk
222,"LotteOn: BI Platform Using MicroStrategy, Amazon Redshift, and AWS Glue on AWS (Korean)",5:36,"2,1 K visualizaciones",hace 5 años,qv9q0sFt6aY
223,Orangetheory Fitness: Taking a Data-Driven Approach to Improving Health and Wellness (Special),17:07,599 K visualizaciones,hace 5 años,DuxMG7RSBOU
224,Eyeota: Scalable ML Model Lifecycle Management for Advertising Audience Discovery,5:43,"3,3 K visualizaciones",hace 5 años,sQsAGl7mSQs
225,"Love, Bonito: Achieving Scalability Using Magento with Kubernetes",5:53,"3,3 K visualizaciones",hace 5 años,BX1K8x1lVLc
226,Veritiv: Enable Insights to Forecast Sales Demand on AWS Data Lakes,5:24,"2,7 K visualizaciones",hace 5 años,jg85DzUZ9Ac
227,DBS Bank: Scalable Serverless Compute Grid on AWS,5:52,15 K visualizaciones,hace 5 años,T048vs9p1h4
228,"CloudPlex Media: Fully-Managed, Serverless Online Video Platform on AWS (Korean)",4:51,"3,5 K visualizaciones",hace 5 años,zqiNLMmEeSo
229,HP: Serverless Data Pipeline to Process Manufacturing Data From Assembly Lines in Near Real-Time,6:25,"4,8 K visualizaciones",hace 5 años,KM5ONS2fnG0
230,Kmong: Enhancing Security by Leveraging AWS’s Security EPICs Acceleration Program (Korean),5:35,"1,7 K visualizaciones",hace 5 años,uMX94Mn9u-4
231,Heimdall Data: Scale-Out Amazon RDS with Strong Consistency,6:06,"6,9 K visualizaciones",hace 5 años,mT4KDGRgo4k
232,I-ScreamEdu: Data Pipeline to Collect Learning Experiences (Korean),5:19,"2,3 K visualizaciones",hace 5 años,VJZsgsY_sXY
233,mimik: Hybrid Edge Cloud Leveraging AWS to Support Edge Microservice Mesh,4:28,"2,4 K visualizaciones",hace 5 años,-S-R7MWRpaI
234,Samsung Cloud: Global Hybrid Network Optimization Across 5 AWS Regions Using AWS Transit Gateway,5:29,"5,1 K visualizaciones",hace 5 años,K5ww_O4vsxo
235,SK Telecom: End-to-End Cloud Management Platform on AWS (Korean),4:53,"4,5 K visualizaciones",hace 5 años,ruOhUEooJH0
236,IHS Markit: Virtual Instructor-Led Trainings with IHS Markit (now part of S&P Global),5:00,"4,5 K visualizaciones",hace 5 años,7LziNjUTo7w
237,Viz.ai: Improving Outcomes for Stroke Victims Using Artificial Intelligence (Special Episode),16:34,"5,6 M de visualizaciones",hace 5 años,jpewc52m4tg
238,Korean Airline: Data Warehouse Modernization on AWS (Korean),6:17,"3,9 K visualizaciones",hace 5 años,YosezjoL4MU
239,Mesh Korea: How Mesh Korea Built an A/B Test Platform on AWS (Korean),5:00,"2,1 K visualizaciones",hace 5 años,40dhk6OABJE
240,Amagi: Powering High Availability Broadcast Playout on AWS Cloud,5:23,"4,3 K visualizaciones",hace 5 años,ilsJgwcAshE
241,General Electric: How We Saved Ourselves From Drowning in a Sea of Hardware MFA Tokens,5:34,"4,9 K visualizaciones",hace 5 años,SoN0xClcS2E
242,LG Electronics - ThinQ: Data Lake Storage for Connected Devices,5:45,"3,4 K visualizaciones",hace 5 años,oEmuI32GYww
243,ITTStar: AI-powered Search and Discovery of Luxury Goods for Retailers and Wholesalers,5:00,3 K visualizaciones,hace 5 años,Qi9soN5bpU4
244,Weverse Company (previously beNX): Architecture Changes to Handle Massive Peak Traffic,6:13,"6,5 K visualizaciones",hace 5 años,cIqVilu7KUM
245,"LeasePlan: Leverages Serverless to Increase Driver Safety, Reduce Fleet Costs, and Lower Risk",5:12,"4,4 K visualizaciones",hace 5 años,QOtCpD23118
246,Samsung Game Launcher: Content Refining and Recommendation System Using Amazon Comprehend (Korean),5:51,"2,4 K visualizaciones",hace 5 años,z0mv2XFR1SI
247,PayGo: Leveraging Smart Meters to Help Customers Conserve Energy!,4:34,5 K visualizaciones,hace 5 años,_EPfIJnBCoM
248,Spoon Radio: Audio Live Streaming and Batch Processing Architecture on AWS (Korean),6:15,"7,2 K visualizaciones",hace 5 años,qL3hDtrTeLs
249,Levels Beyond: Digital Content Orchestration,4:45,"4,1 K visualizaciones",hace 5 años,07lfvavMdfU
250,TMA Greatest Hits 2020: Vol. 2 with Zoho and William Hill (Special),16:15,"1,8 K visualizaciones",hace 5 años,8RULHWsDm1M
251,Infor: Ingest and Analyze Millions of Application Events Daily for Compliance Violations,3:25,"5,6 K visualizaciones",hace 5 años,0gNMEyei-co
252,TMA 2020 Special Episode Reprise: Halodoc (Special),25:35,"1,6 K visualizaciones",hace 5 años,ZcY8DG-785w
253,"TMA Greatest Hits 2020: Vol. 1 with Nielsen, HSBC, and Temenos (Special)",24:05,3 K visualizaciones,hace 5 años,o_zqbpuhyIY
254,Orangetheory Fitness: Using Chime SDK to Power Coach-led Virtual Workouts with OTlive,6:16,"4,1 K visualizaciones",hace 5 años,Eoq7E6jMtBs
255,OnScale: Deploying HPCs for CAE Workloads on AWS,6:16,"2,2 K visualizaciones",hace 5 años,bxvZBfbyhiA
256,Salary Overflow: Bringing Transparency to Tech Salaries,4:24,10 K visualizaciones,hace 5 años,Xi6tDqctLsY
257,INT: Seismic Data Visualization Platform Designed for Cloud,8:42,"2,7 K visualizaciones",hace 5 años,QM96Fv_NAnw
258,Heimdall Data: Query Caching Without Code Changes,3:37,"7,1 K visualizaciones",hace 5 años,OWLGK-eVrTw
259,Fyber: Ultra Scale Event Processing with Apache Spark on Amazon EKS with EC2 Spot Instances,5:45,"6,1 K visualizaciones",hace 5 años,lHM96P5kP2k
260,Deep Instinct: Collecting RT Statistics and Applying RT Decisions with Lambda@Edge,6:27,"3,3 K visualizaciones",hace 5 años,IV3KuMGVNXI
261,Cookpad: Security Architecture to Monitor and Analyze Secure Logs using AWS (English),5:21,"6,7 K visualizaciones",hace 5 años,qN5-v4NlKac
262,Sisense: Using Amazon EKS and FSx for Lustre for Multi-Source Data Ingestion and Presentation,6:12,"3,6 K visualizaciones",hace 5 años,SxFag4CMWU8
263,PwC: Streamlining Asset Tracking with Amazon Managed Blockchain,9:10,"5,4 K visualizaciones",hace 5 años,KzJKdUZ3Ba4
264,Nielsen: Processing 55TB of Data Per Day with AWS Lambda,9:05,187 K visualizaciones,hace 5 años,Jkx6kVbDpL4
265,Go Global: Processing Tens of Different Event Types on a Generic Data Lake Architecture (Hebrew),6:40,"3,2 K visualizaciones",hace 5 años,YiOTd6IfGoU
266,The Wall Street Journal: Newsroom Enhances Real-Time Updates With AWS AppSync,5:38,"5,2 K visualizaciones",hace 5 años,nt4lQx6tAI8
267,SundaySky: Create Personalized Videos in Real Time on GPU-based Spot Instances for Video Rendering,6:36,"4,4 K visualizaciones",hace 5 años,6CgqEzyWpeA
268,Voodoo: Perform Recommendations Using Machine Learning (French),5:26,"3,3 K visualizaciones",hace 5 años,G5tNCpmD2uQ
269,Fundbox: Simplifying Ways to Query and Analyze Data by Different Personas - Go Serverless!,8:27,"7,4 K visualizaciones",hace 5 años,Qz8uXtDC1bY
270,Cookpad: AWS-native Security Architecture to Monitor and Analyze Security Logs (Japanese),5:56,"4,3 K visualizaciones",hace 5 años,rsZjU5g_yXI
271,Lockheed Martin: Using Alexa for Business to Securely Access Program Management Status,5:18,"5,6 K visualizaciones",hace 5 años,Wur1GWB03hk
272,Wix: Serverless Platform for End-to-End Browser Testing using Chromium on AWS Lambda,6:58,12 K visualizaciones,hace 5 años,hbz63Ve-eIY
273,Sopra Banking Software: Secured & Industrial Microservices for a Digital Banking Engagement Platform,5:16,"9,5 K visualizaciones",hace 5 años,GxjMSvwcgvw
274,Samsung Health: Scaling Mobile Application Development with Amazon EKS,6:47,"8,2 K visualizaciones",hace 5 años,S-JSSZZaa94
275,Ippon with Euler Hermes: Transforming a Monolithic Application of Data Analytics with Microservices,7:21,"9,3 K visualizaciones",hace 5 años,fRv8sOUyhZw
276,Healthfirst: Wrangling Data the Event Driven Way,6:59,"5,1 K visualizaciones",hace 5 años,XpFNznmRoQ0
277,Graham Media Group: Modernizing Traditional Broadcasting with AWS,3:19,"2,8 K visualizaciones",hace 5 años,D6rG9eZ5Qus
278,Hancom: Building a Real-time Office Collaboration Service (Korean),3:59,"3,6 K visualizaciones",hace 5 años,qgW8LQ8iBuA
279,Veolia: Serverless Solution for Cost Optimization on AWS (French),7:16,"6,1 K visualizaciones",hace 5 años,YlGUMhls9ZA
280,Amdocs: DevOps Ecosystem Setup for Telco using Kubernetes-Based Microservices Platform,5:37,12 K visualizaciones,hace 5 años,U1kY6nSS2YQ
281,This is My Architecture Bloopers 2019 (Special),2:21,"7,4 K visualizaciones",hace 5 años,EtCQMiZBfRM
282,Ânima Educação: Digitizing Student Experience for Colleges in Brazil,4:59,"3,2 K visualizaciones",hace 5 años,9yziTe6lBwk
283,Fiverr: Simplifying PCI DSS Compliance with Fully Managed Services,5:58,"7,8 K visualizaciones",hace 5 años,phN08pi3YzY
284,The Washington Post: Building a Content Management Platform with Speed at its Core,5:23,13 K visualizaciones,hace 6 años,0JxJpNjI9Y0
285,Akatsuki: Building Stable and Scalable Large Scale Game Servers with Amazon ECS (Japanese),7:08,20 K visualizaciones,hace 6 años,7dtomip_VXc
286,St. Louis University: Using Amazon Lex to Answer Students' Questions Through Alexa and a Mobile App,6:44,13 K visualizaciones,hace 6 años,LxeSC3-xMlk
287,"Publicis Sapient: A Secure, Scalable & Self-provisioning Process to Create 20,000 accounts with AWS",5:30,"7,3 K visualizaciones",hace 6 años,Fd2c7NDYfpo
288,Innovapost: Scaling to 5M Package Deliveries with Serverless,6:45,6 K visualizaciones,hace 6 años,wE3TmHxyRdA
289,Mahindra Electric: Building a Connected Electric Vehicle Platform on AWS,4:41,15 K visualizaciones,hace 6 años,wbh51O3QrE4
290,TRI-AD: Large-Scale and High-Performance Distributed Training Platform,3:43,"3,6 K visualizaciones",hace 6 años,JRDGId6N49E
291,WarnerMedia: Cloud-based Linear Playout System,4:37,"6,9 K visualizaciones",hace 6 años,hMK2NJ-q9nc
292,AQR: Using ECS to Provide Dev Teams Security & Authentication on a Scalable Container Platform,5:41,"3,6 K visualizaciones",hace 6 años,ftIdBG-UgFY
293,ViacomCBS: Multiplatform Distribution Powered by AWS,4:06,"3,9 K visualizaciones",hace 6 años,UsngU-HjH_Q
294,Atlassian: Secure Code Invocation at Scale with Atlassian Forge on AWS,6:48,"4,9 K visualizaciones",hace 6 años,H2fOkeXxpyw
295,Grabyo: Using Serverless for Smart Capacity Provisioning and Orchestration,4:40,"3,9 K visualizaciones",hace 6 años,ktonI7J3kLY
296,Vizio: Smart TV Analytics at Scale,5:14,"4,1 K visualizaciones",hace 6 años,BlCXEMp_lqY
297,snaq.me: Snack Time's Subscription Service Sends Attractive Notifications Using Amazon Pinpoint (JP),5:33,"3,9 K visualizaciones",hace 6 años,nPVkewp8-vo
298,"Zappos: Back Office Migration, starring Amazon ECS and Amazon Aurora",6:20,"3,8 K visualizaciones",hace 6 años,mZxF1IJEsaY
299,Thales: Automate Security Threat Detection and Remediation with AWS Security Services (French),4:49,"5,3 K visualizaciones",hace 6 años,YrEc8oMIxDs
300,Homesite: Event-Driven Data Analytics Platform Using Amazon Neptune,7:25,"7,2 K visualizaciones",hace 6 años,j9OZ-7aCAyA
301,"Cognizant: Beyond Prediction with a Unique, Evolutionary AI Platform",9:30,3 K visualizaciones,hace 6 años,RCWl0rf8lpE
302,JD Power: Building a Rankings & Insights Engine with Data Lakes & Machine Learning on AWS,5:09,"4,2 K visualizaciones",hace 6 años,b93-zn-DtBw
303,Enoptea: PHP Layer for AWS Lambda (French),5:50,"3,2 K visualizaciones",hace 6 años,vb-o1DvvHxk
304,VietJet: Proactively Defending Your Systems from Bad Bots,7:45,"5,5 K visualizaciones",hace 6 años,KQ6Fg206O9U
305,Sanofi with TeamWork: On-Demand Data Science Environment,6:11,"3,4 K visualizaciones",hace 6 años,2L0m28ZLmtE
306,Samsung Electronics: Samsung Developer Portal Using Serverless Container Services,4:12,"4,4 K visualizaciones",hace 6 años,W96L6ICcF3s
307,Klap: How to Build a Video Clipping Pipeline in Serverless (French),7:41,"2,2 K visualizaciones",hace 6 años,lTSZT10JMQA
308,Dentsu Tracking: Using Serverless to Power an EU Government Supply-Chain Control System,4:43,"4,3 K visualizaciones",hace 6 años,rRvy5Fbei1s
309,Miroculus: Digital Microfluidics Platform,4:39,"4,6 K visualizaciones",hace 6 años,yPV-3vjHshk
310,Halodoc: Building the Future of Tele-Health One Microservice at a Time (Special Episode),16:02,269 K visualizaciones,hace 6 años,gdieNSxZC4Y
311,"CM Group: Building an Available, Scalable, Reliable Email Delivery System",5:50,"3,2 K visualizaciones",hace 6 años,zhCNn7v7mvs
312,ENGIE Digital: Using Spot Instances to Optimize Costs for Operations Platform for Energy Assets (Fr),7:00,"2,3 K visualizaciones",hace 6 años,c863uNkF0w4
313,Expedia: Salesforce Integration with AWS,6:03,12 K visualizaciones,hace 6 años,f5EJBUfGZtw
314,Mueller Water Products: A Water Intelligent Platform,5:30,"3,6 K visualizaciones",hace 6 años,2e3vOxsHekE
315,Pernod Ricard: Shortening URLs on a Global Scale with Low Latency (French),6:22,"2,2 K visualizaciones",hace 6 años,F4KDOGNpSoI
316,NextRoll: Driving OpEx Efficiency for Ad Bidding Engines (LIVE),4:49,"1,5 K visualizaciones",hace 6 años,WxMBuBBIwpI
317,HK01: Serverless Analytics for Clickstreams Analysis (Cantonese),5:38,"5,3 K visualizaciones",hace 6 años,yPJf85tjv6M
318,L&T Technology Services: Monitor & Analyze the Health of Industrial Equipment Using LTTS UBIQWeise,5:02,"4,1 K visualizaciones",hace 6 años,DrkaU99l9S8
319,PixelStrings by Cinnafilm: A Flexible & Scalable Platform for Video/Audio Optimization & Conversion,9:13,11 K visualizaciones,hace 6 años,BZ32w0SSAoY
320,SHOPLINE: Building E-Commerce O2O platform on AWS (Cantonese),8:34,"5,3 K visualizaciones",hace 6 años,mmM_JnYygZM
321,"SoftChef: Building AWS Iot Application Using an Innovative, Fully Serverless Architecture (Mandarin)",7:24,"5,9 K visualizaciones",hace 6 años,FHdtOtznWuA
322,Toyota Research Institute: On-Demand Self-Service Portal for Data Scientists to Process Data Sets,9:59,"3,9 K visualizaciones",hace 6 años,XGVWdSnml6A
323,Miriade: Forecasting and Real Time Tracking of the Car Parking Availability (Italian),4:28,"4,4 K visualizaciones",hace 6 años,mKZw29_UtoU
324,Openfit: ChatOps with Slack and AWS Lambda,6:52,"6,7 K visualizaciones",hace 6 años,Kebb0LOVC28
325,Qonto: How to Leverage Serverless Technologies to Quickly Achieve PCI-DSS Compliance (French),4:45,"2,3 K visualizaciones",hace 6 años,aN26J-7q9Hw
326,NextGen Healthcare: Build and Deployment Pipelines in the Highly Regulated Healthcare Sector,6:53,"5,2 K visualizaciones",hace 6 años,BLwskVnHbs4
327,Zalando: Highly Scalable Data Processing Pipeline,5:05,"9,5 K visualizaciones",hace 6 años,RxAmb57NCPM
328,Deluxe One: Unifying Modern Content Creation and Delivery at Scale,7:02,"3,4 K visualizaciones",hace 6 años,fOgb0Es-lVs
329,Epsagon: Automatically Tracing and Analyzing Billions of AWS Serverless Events,7:22,"3,6 K visualizaciones",hace 6 años,AzM_d7ZvzUE
330,AWS Solutions: Real-Time IoT Device Monitoring with Kinesis Data Analytics,5:09,43 K visualizaciones,hace 6 años,uWUAcc68MWI
331,William Hill: High-performance DDOS Protection with AWS,5:30,26 K visualizaciones,hace 6 años,d0EE1HuZSEU
332,Nike: A Social Graph at Scale with Amazon Neptune,7:01,12 K visualizaciones,hace 6 años,ZCj2wuKBBu4
333,New Relic: Automated Monitoring on AWS with New Relic Synthetics,5:29,"6,7 K visualizaciones",hace 6 años,FmhL2334GIY
334,PTS: Build OTT platform on top of AWS Media Services (Mandarin),8:13,"4,6 K visualizaciones",hace 6 años,oOeJno-z6XA
335,Temenos: Building Serverless Banking Software at Scale,7:39,31 K visualizaciones,hace 6 años,mtZvA7ARepM
336,Crownpeak: Using AWS Lambda for its Decoupled Content Deployment Architecture (LIVE),4:58,"3,8 K visualizaciones",hace 6 años,oDLUTgEn2gc
337,Pason Systems: Petabyte Scale Drilling Datamart on AWS (LIVE),5:57,3 K visualizaciones,hace 6 años,tVjrkpjWG5o
338,ecofit: Responsive Lambda-based Microservices at Scale (LIVE),5:28,"2,5 K visualizaciones",hace 6 años,DnTQ3matqts
339,UltraServe: Application Vending Machine with Runtime Event Control (LIVE),5:34,"1,5 K visualizaciones",hace 6 años,ihB2dRYLOOI
340,Splunk: Data at Scale by Decoupling Compute and Storage (LIVE),5:31,"3,4 K visualizaciones",hace 6 años,5vR5aN_xdI0
341,The Trade Desk: Real-time Ad Bidding in the Cloud with AWS Global Accelerator (LIVE),6:00,"6,3 K visualizaciones",hace 6 años,u5AT15mgbHk
342,Mueller Water Products: Scalable Ingestion of Sensor Data for Municipal Water Conservation (LIVE),6:55,"1,7 K visualizaciones",hace 6 años,MbkLJ62jtMc
343,"AWS Solutions: Multi-Region Availability with Amazon DynamoDB, Amazon S3, and Amazon Cognito (LIVE)",5:12,"6,1 K visualizaciones",hace 6 años,tTQ36qQF_vA
344,Adobe: Simplifying Networking Across Thousands of AWS Accounts with AWS Transit Gateway (LIVE),5:16,"9,4 K visualizaciones",hace 6 años,QnmmTIYZxNI
345,Accolade: Security and Operational Excellence in Healthcare (LIVE),4:57,"1,9 K visualizaciones",hace 6 años,Jz2RPRhF6Fs
346,Formula 1: Using Amazon SageMaker to Deliver Real-Time Insights to Fans (LIVE),6:43,11 K visualizaciones,hace 6 años,gYXqv1UxW3Y
347,AWS Solutions: AI Powered Speech Analytics for Amazon Connect,5:38,"9,8 K visualizaciones",hace 6 años,kD57QUn5myc
348,Fortinet Uses AWS Serverless to Provide a Highly Available Control-Plane for their FortiWeb CloudWAF,5:33,"2,7 K visualizaciones",hace 6 años,Yju3yReAQtc
349,Bowtie: Utilizing Amazon GuardDuty to Automate Security and Improve Visibility. (Cantonese),6:06,"2,7 K visualizaciones",hace 6 años,o5TM9P8U6EY
350,Kainos: Kainos Advances Patient Care with Next Generation Interoperability Platform,5:51,"2,2 K visualizaciones",hace 6 años,4WjXH8Wp0E4
351,DataDog: Scaling Kubernetes with Metaclusters on AWS,5:26,5 K visualizaciones,hace 6 años,wzj2VQutJws
352,Tapestry: Machine Learning and Analytics for the Fashion Industry on AWS,4:24,"4,3 K visualizaciones",hace 6 años,ErXwuwF2mRU
353,Cation Consulting: How to Build a Scalable Chatbot and Deploy to Europe’s Largest Airline,4:35,3 K visualizaciones,hace 6 años,
354,AMPOS: Managing Systems Across AWS Global Regions and China Regions,7:04,"3,9 K visualizaciones",hace 6 años,8FKNVfAU6SI
355,Connecting Taza Chocolate's Legacy Equipment to the Cloud w/Tulip Interfaces & AWS (Special Episode),14:28,"2,4 K visualizaciones",hace 6 años,UuH3niBRKws
356,CLP: Building a Smart Energy Connect Platform using Serverless Architecture,6:55,"5,3 K visualizaciones",hace 6 años,
357,Innovaccer: Deriving Insights from Healthcare Data to Empower Care Teams,7:46,"7,6 K visualizaciones",hace 6 años,M_hqigB9C4I
358,Shin Software: How to Implement a Platform for the Creation of Interactive 3D Applications (Italian),3:44,"1,5 K visualizaciones",hace 6 años,
359,An Under the Hood Tune Up with AWS DeepRacer,9:55,"3,2 K visualizaciones",hace 6 años,N2mktbl8EQk
360,CleverTap: Building a Fully Version Controlled Infrastructure as Code on AWS,6:43,"4,5 K visualizaciones",hace 6 años,JcHSFIZMYHc
361,CrowdStrike: Analyzing Telemetry Streams to Protect Cloud Endpoints,4:04,"2,8 K visualizaciones",hace 6 años,
362,Melco Resorts & Entertainment: Serverless Architecture Pattern for Melco Club Mobile App,6:18,"2,8 K visualizaciones",hace 6 años,
363,"MaiCoin: How We Conquer Permission, Testing and Collaboration Issues to Achieve IaC on AWS.",7:29,"2,5 K visualizaciones",hace 6 años,
364,MakeMyTrip: Building Next Generation SOC,10:18,"4,4 K visualizaciones",hace 6 años,-3lnf5lzsH0
365,Extreme Reach: The AdBridge Platform on AWS Handles 80%+ of all Commercials in the US,7:38,"2,6 K visualizaciones",hace 6 años,5EmA67lSJEs
366,HubSpot: Task Queueing System Built on top of Amazon SQS,6:14,"7,5 K visualizaciones",hace 6 años,
367,Ztore: Building a Recommendation System on AWS (Cantonese),6:56,"6,8 K visualizaciones",hace 6 años,CDCLwX2fo2g
368,Threat Stack: Proactive Risk Identification and Real-time Threat Detection across AWS,10:33,"3,4 K visualizaciones",hace 6 años,INog0_9tCtY
369,Haptik: Data Lake for Conversational AI,7:08,"3,3 K visualizaciones",hace 6 años,
370,NewsLeopard: How to Build an eDM Service with a High Delivery Rate on AWS (Mandarin),7:17,"1,5 K visualizaciones",hace 6 años,
371,Irdeto: Multi DRM Solution with Kubernetes on Amazon EC2 and Amazon RDS,10:50,"4,3 K visualizaciones",hace 6 años,
372,Triboo: Hosting Magento on Containers (Italian),5:37,"1,3 K visualizaciones",hace 6 años,6sew_hdI6cY
373,Delhivery: Building a Supply Chain Technology Platform for Speed & Network Optimization,6:42,"5,9 K visualizaciones",hace 6 años,he5I6ByoaB4
374,Tata Global Beverages: How a Global CPG Enterprise Built a Secure Foundation for SAP,7:05,"2,3 K visualizaciones",hace 6 años,0NOER-Lle-0
375,Cyxtera: How to Enable Secure Zero Trust Access to AWS Resources & Hybrid Architectures,6:43,"2,9 K visualizaciones",hace 6 años,
376,ZS Associates: Intelligent Process Automation Using AWS AI Services,7:01,"2,9 K visualizaciones",hace 6 años,JG5p-i8Cr2E
377,Intellect Design Arena: Insurance Risk Assessment with Intellect FABRIC Data Services,7:51,"3,6 K visualizaciones",hace 6 años,AS2JeM2FUzE
378,Dream11: Building a Cost Effective Compute Model for Scaling Microservices,7:15,"4,8 K visualizaciones",hace 6 años,
379,Bajaj Housing Finance Limited: Serverless Data Pipelines with AWS Glue and Amazon Aurora PGSQL,6:13,"9,7 K visualizaciones",hace 6 años,
380,iRobot: Serverless Data Cataloging for Data Scientists,3:16,"2,9 K visualizaciones",hace 6 años,GoziWpmFCS0
381,Docebo: Architecting a Serverless Event Bus (Italian),5:18,"2,3 K visualizaciones",hace 6 años,
382,AfterShip: Handle Millions of Requests Daily with AWS,5:13,4 K visualizaciones,hace 6 años,
383,HMH: Lightweight PCI Compliance Infrastructure on AWS,7:39,"4,7 K visualizaciones",hace 6 años,
384,Veracode: Eliminating Application Security Bugs Through DevSecOps at Scale,10:24,8 K visualizaciones,hace 6 años,CyMKbK0grl8
385,"Arvind Internet: Building a Multi-channel, Multi-tenant Platform with Kubernetes on AWS",7:20,"3,9 K visualizaciones",hace 6 años,
386,Capgemini: Refactoring a Data Warehouse to Amazon Redshift,8:00,"4,8 K visualizaciones",hace 6 años,5f3z1Z_9BJA
387,Mikamai: Standard Architectures for Modern Web Applications (Italian),4:11,"2,3 K visualizaciones",hace 6 años,
388,AWS Solutions: Media Analysis,6:14,"3,4 K visualizaciones",hace 6 años,VQ9d3bO4jgg
389,Musixmatch: How Content is Generated by Users (Italian),4:13,"1,6 K visualizaciones",hace 6 años,9LhiUsg3knw
390,Accenture: Building a Blockchain Circular Supply Chain,9:23,"5,3 K visualizaciones",hace 6 años,5CwIt-Alqhg
391,RedBus: Building Optimized ML Models with Amazon SageMaker,6:04,"2,5 K visualizaciones",hace 6 años,LPZlrX2cNjo
392,THRON: Data Analysis and Real-Time Recommendation (Italian),4:52,"2,3 K visualizaciones",hace 6 años,
393,Capillary Technologies: Building an Omni-Channel Data Ingestion Platform,6:21,5 K visualizaciones,hace 6 años,KywvGM6HVXI
394,"Zoho Site24x7: Building Scalable, Real-time User Monitoring Systems on AWS",8:01,24 K visualizaciones,hace 6 años,
395,Neosperience Cloud: Deep Dive in Image Memorability (Italian),4:02,"1,6 K visualizaciones",hace 6 años,
396,Ashok Leyland: Running Telematics at Scale,4:56,"4,9 K visualizaciones",hace 6 años,8uoQOGh8iGQ
397,Versent: The Migration Factory,5:08,"3,1 K visualizaciones",hace 6 años,-wLEkq21cvA
398,AWS Solutions: Video on Demand (VOD),8:34,47 K visualizaciones,hace 6 años,GtO2RpotJYM
399,Enel: Management and Analysis of Meter's Data (Italian),5:32,"2,5 K visualizaciones",hace 6 años,dVehfigaGuU
400,Cloud Conformity: Serverless at Scale,5:11,"4,5 K visualizaciones",hace 6 años,d4e6_bOE9bk
401,Jubilant FoodWorks: Driving a Quality Customer Experience Using Data Lake,7:14,"4,3 K visualizaciones",hace 6 años,G07keU4g-LU
402,Digital De Agostini: OTT Video Streaming Platform (Italian),4:37,"2,5 K visualizaciones",hace 6 años,
403,HDFC Life: Event Driven DataLake and Recovery,6:39,"6,4 K visualizaciones",hace 6 años,
404,Enterprise IT: Optimizing Airline Revenue Management with Containers,5:33,"2,8 K visualizaciones",hace 6 años,y0EMn8hJHZc
405,Singapore Exchange: Clearing Financial Transactions on Amazon Managed Blockchain,8:16,"3,7 K visualizaciones",hace 6 años,
406,FanFight: Building a Real-time Fantasy League Gaming Platform on AWS,3:50,"4,4 K visualizaciones",hace 6 años,3WgTBTDlQN8
407,NAB: Automating Cloud Governance at the National Australia Bank,5:32,"2,7 K visualizaciones",hace 6 años,7V8wTCkjOqo
408,128 Technology: Creating a Highly Available Session Smart Router in AWS,6:56,4 K visualizaciones,hace 6 años,
409,DAZN: Key Moments in Sport on Live Streaming Video,5:23,4 K visualizaciones,hace 6 años,7AMRfNKwuYo
410,Bristol-Myers Squibb: Enabling DevOps with AWS Service Catalog,6:17,"5,1 K visualizaciones",hace 6 años,iO35cr5EAVE
411,AC3: Multi-stage Geospatial Data Lake with Step Functions (LIVE),5:35,"3,2 K visualizaciones",hace 6 años,
412,Accenture: Large Scale Asset Inventory Tracking with AWS Fargate,6:18,"9,9 K visualizaciones",hace 6 años,BRCQltXQEoU
413,ShopFully International Group: Serverless Global Log Ingestion & Analytics System (Italian),4:26,"1,3 K visualizaciones",hace 6 años,
414,Vanguard: A Modern Network TAP Solution for The Cloud (Special),13:14,"1,9 K visualizaciones",hace 6 años,EW4X5z7m-0U
415,Xero: Global Load Balancing for File Transfer Services (LIVE),5:01,"2,2 K visualizaciones",hace 6 años,hRtD7xIv_V4
416,TeamSystem: How to Create a Serverless Dashboard (Italian),4:13,"4,4 K visualizaciones",hace 6 años,
417,Next Caller: Phone Caller Fraud Detection with AWS Sagemaker,5:44,"6,8 K visualizaciones",hace 6 años,K27WjYwyqw8
418,Aetion: Deploy Applications & Provision Cloud Resources with AWS Developer Tools,6:35,"5,4 K visualizaciones",hace 6 años,6YkguepAQuQ
419,Advance Local: Automating Cross-Team Collaboration with AWS Lambda,5:32,"2,4 K visualizaciones",hace 6 años,
420,"Avio Aero, a GE Aviation Business: Serverless Application to Manage Expense Purchase Approvals",4:30,"1,7 K visualizaciones",hace 6 años,D77FSUkPJ3o
421,SynchroNet: Extending User Automation and Amazon WorkSpaces Provisioning with AWS Step Functions,4:42,"2,7 K visualizaciones",hace 6 años,Q6r_QbYXFpg
422,Logicworks: HIPAA Compliance and SSL Termination with Thousands of Certificates,6:44,"3,5 K visualizaciones",hace 6 años,
423,NuData Security: Identity Validation with Amazon SageMaker,8:34,"2,4 K visualizaciones",hace 6 años,LtqQLsdCLPo
424,DXC + Munich Re: Amazon Connect with AWS Machine Learning Services,6:14,"4,5 K visualizaciones",hace 6 años,Le-A72NjaWs
425,Corley: DeA Scuola - How to Modernize an Educational Content Management Platform (Italian),4:50,"1,7 K visualizaciones",hace 6 años,
426,Intent: Analyzing Billions of Customer Events Per Day Using Serverless!,5:49,"6,4 K visualizaciones",hace 6 años,
427,"Simplex: Building a Scalable, Serverless Cryptocurrency Platform (Japanese subtitles)",4:56,"3,4 K visualizaciones",hace 6 años,
428,ContentWise: How we Use Amazon SageMaker in Production (Italian),5:07,"1,8 K visualizaciones",hace 6 años,66fPHLmvikk
429,Taysols: Next Best Offer Recommendation System using Amazon SageMaker,6:58,"3,8 K visualizaciones",hace 6 años,GJ1So_pbZWk
430,TechConnect: Tech Powered Sports with IoT & Machine Learning,7:14,"1,9 K visualizaciones",hace 6 años,bDN7vV50rSs
431,Kaleido: Blockchain Cloud at AWS Speed,10:01,"5,9 K visualizaciones",hace 6 años,_Qf629A02SI
432,Tooso: How to Build a Serverless Pipeline for Data Ingestion and Pre-Processing (Italian),4:48,"3,2 K visualizaciones",hace 6 años,
433,Mission: Gamified Platform Scaling with Amazon EKS,5:14,"1,7 K visualizaciones",hace 6 años,
434,Cedrus: Migrating a Legacy Application to a Serverless Ecosystem,6:46,"5,1 K visualizaciones",hace 6 años,
435,Alert Logic: Scaling Storage and Delivery of Petabytes of Search Data,4:54,"3,1 K visualizaciones",hace 6 años,PoYiSKUy8sE
436,Macquarie Bank: Securing Payment Websites at the Edge Serverless-ly (LIVE),6:52,"4,3 K visualizaciones",hace 6 años,
437,from scratch: Resource Manager Controls Task Distribution with Multiple Amazon EMR Clusters,5:52,"2,1 K visualizaciones",hace 6 años,N-Tean3rbT8
438,Pushpay Holdings Ltd.: Strangling a Monolithic Application While Moving to Microservices on AWS,6:05,"2,6 K visualizaciones",hace 6 años,9Cg81Xgg7LQ
439,Credimi: Processing and Metadata Extraction of Invoices for Factoring (Italian),4:06,"1,6 K visualizaciones",hace 6 años,O5Sn5QCEAzE
440,Wag!: Deploying Blue-Green Architecture for Increased Availability and Reduced Risk,3:41,"8,9 K visualizaciones",hace 6 años,6oEuBziEGKk
441,Liberty Mutual: Moving Towards Real-Time Financial Closing Using AWS,5:27,"2,7 K visualizaciones",hace 6 años,fMh3nXeqjCs
442,MailUp Group: Marketing Campaign Planning and Management (Italian),4:51,"1,4 K visualizaciones",hace 6 años,HwHVFWdczVw
443,Intuit: Serving 7 Million Customers Using Amazon Connect,6:13,5 K visualizaciones,hace 6 años,6LcSv9XocTY
444,Olikka: Self Service Hub with Alexa,6:35,"1,3 K visualizaciones",hace 6 años,
445,GungHo Online Entertainment: Building Scalable Location-based Games with Amazon ECS (Japanese),5:06,"1,7 K visualizaciones",hace 6 años,
446,"SkyScanner: Building Highly-Available, Multi-Region Kubernetes Clusters on 100% Amazon EC2 Spot",9:19,13 K visualizaciones,hace 6 años,99nNHsbwBpg
447,"Hi.Res.Cam: High Performance Object Detection with AWS Lambda, Rekognition & TensorFlow (German)",7:50,"2,7 K visualizaciones",hace 6 años,
448,Biogen: Centralized Logging Solution for Multi Accounts,9:26,13 K visualizaciones,hace 6 años,
449,FINRA: Petabyte-Scale Data Analysis on AWS,8:33,"4,4 K visualizaciones",hace 6 años,72c_klMZdZ8
450,Fugue: Staying in Compliance by Automating Drift Detection,5:14,"2,1 K visualizaciones",hace 6 años,Gds8hl8dKuo
451,"Simplex: Building a Scalable, Serverless Cryptocurrency Platform",4:56,"3,8 K visualizaciones",hace 7 años,
452,Fidelity Investments: Using Containers at Scale with Amazon EKS,7:36,"6,1 K visualizaciones",hace 7 años,gFVhRSaAo2I
453,ABEJA: Building a Machine Learning Platform that Fully Utilizes Container Technologies [Japanese],6:11,"3,6 K visualizaciones",hace 7 años,AJSXVUd8190
454,Discover and Slalom: Automate and Deliver AWS Multi-Account Creation with Scaffolding,5:50,"2,2 K visualizaciones",hace 7 años,
455,MindTouch: Modernizing Legacy C# Applications to .NET Core on AWS Lambda,4:21,"2,4 K visualizaciones",hace 7 años,
456,tixCraft: Handling Millions of Ticketing Requests with AWS,4:36,"4,4 K visualizaciones",hace 7 años,
457,American Heart Assoc: 100 years of Content is Discoverable with Serverless & AI on AWS,5:54,"1,6 K visualizaciones",hace 7 años,
458,Solarwinds: Monitoring Kubernetes Clusters on AWS,9:10,"3,7 K visualizaciones",hace 7 años,GhgLqIWOJDY
459,Equinix: Massive Data Ingest & Analytics with Serverless Cloud Application Architectures on AWS,7:43,"5,4 K visualizaciones",hace 7 años,GizM302bYKw
460,"PwC: Building an Efficient, Intelligent, Serverless Pipeline for the Pharma Industry",6:12,"3,5 K visualizaciones",hace 7 años,
461,Autodesk: Deploying Windows and Linux Workloads Using Amazon ECS,4:55,"3,2 K visualizaciones",hace 7 años,
462,Bristol-Myers Squibb: Embracing Infrastructure-as-Code with AWS and Auto-PTP,9:51,"4,1 K visualizaciones",hace 7 años,
463,Cal Poly: Using DevOps & Security by Design to Manage Student Accounts,6:28,"1,6 K visualizaciones",hace 7 años,inWWhr5tnEA
464,econda GmbH: Building a Real-Time Personalization Engine with Amazon Sagemaker and AWS ECS,6:46,"2,6 K visualizaciones",hace 7 años,
465,Tandem Bank: Processing Transaction Data using AWS Lambda with NLP,6:58,"4,4 K visualizaciones",hace 7 años,
466,"ThingCo: Billions of Data Points Per Day with a Next-Generation, Serverless, Telematics Platform",5:11,2 K visualizaciones,hace 7 años,
467,Depop: Real-Time Data Ingestion and Analysis,7:00,"9,1 K visualizaciones",hace 7 años,_Ug5yTW5X4U
468,Healthdirect Australia: Using AWS to Connect People with Healthcare,11:12,"4,6 K visualizaciones",hace 7 años,mwkJGy7guiE
469,Met Office: Building an Entirely Serverless National Severe Weather Warning System on AWS,6:36,"2,9 K visualizaciones",hace 7 años,
470,Dome9: CloudBots Make Compliance Easy,6:03,"2,9 K visualizaciones",hace 7 años,nesshUEDr3I
471,Ministry of Justice: Building an AWS Landing Zone from Scratch in 6 Weeks!,6:48,11 K visualizaciones,hace 7 años,
472,FICO: Fraud Detection and Anti-Money Laundering with AWS Lambda and AWS Step Functions,7:05,"8,5 K visualizaciones",hace 7 años,
473,Brain Power Fidgetology®: Automatic Analysis of Body Language Using Serverless and AI on AWS,7:42,"2,3 K visualizaciones",hace 7 años,
474,Whirlpool: Resilient SAP on AWS,3:48,"3,5 K visualizaciones",hace 7 años,
475,Bitmovin: Distributed Video Encoding on AWS,4:45,"3,6 K visualizaciones",hace 7 años,QqUsxiVUO4o
476,Strikingly: Build a Website in 20 Minutes on AWS,7:19,"6,4 K visualizaciones",hace 7 años,sCQwEVhCvTg
477,Carano Software Solutions: Accelerate Adoption of Microservices with Serverless,5:41,"2,3 K visualizaciones",hace 7 años,
478,Momenta: Build an Online Autopilot Vehicle System with Serverless Architecture (Mandarin),9:04,"2,9 K visualizaciones",hace 7 años,
479,kloia: Scaling for TV Adverts Using Microsoft .NET on AWS,5:56,"1,6 K visualizaciones",hace 7 años,
480,NHS Digital: From 137 Minutes to 137 Seconds Using EMR,5:42,2 K visualizaciones,hace 7 años,
481,AT&T: Bringing IoT to the Enterprise,8:11,"3,5 K visualizaciones",hace 7 años,8QtRrqoJZh4
482,eCloudvalley: Build Up An Enterprise-Level IoT Platform In One Minute (Mandarin),5:26,"1,9 K visualizaciones",hace 7 años,
483,Electroneum: Mobile Cryptocurrency Mining!,6:15,20 K visualizaciones,hace 7 años,Tb5q0cMkTc8
484,Vidsy: See How Vidsy Run Their Content Platform on AWS,4:42,"2,5 K visualizaciones",hace 7 años,
485,ChinaMSP: Manage Massive Cloud Resources Based On Tags (Mandarin),5:34,1 K visualizaciones,hace 7 años,
486,NewsUK: Rendering News Content with GraphQL and a Serverless Architecture,5:12,"3,2 K visualizaciones",hace 7 años,
487,This is My Architecture Bloopers 2018 (Special),2:17,"3,6 K visualizaciones",hace 7 años,EtCQMiZBfRM
488,This is My Architecture: Service Icon Showdown,1:44,2 K visualizaciones,hace 7 años,gU5AoNaNxSY
489,Klika Tech and Stonehenge: Smart Apartments with Alexa & AWS IoT (Special Episode),13:42,"4,2 K visualizaciones",hace 7 años,XgJUsBDQILQ
490,Democratizing LoRaWAN and IoT with The Things Network (Special Episode),21:58,30 K visualizaciones,hace 9 años,62Q477mH_u4
